tag,count,percent
NOUN,103.0,0.22737306843267108
PROPN,83.0,0.18322295805739514
ADJ,63.0,0.1390728476821192
VERB,50.0,0.11037527593818984
X,34.0,0.07505518763796909
SYM,25.0,0.05518763796909492
DET,21.0,0.046357615894039736
ADP,18.0,0.039735099337748346
ADV,17.0,0.037527593818984545
NUM,15.0,0.033112582781456956
PRON,9.0,0.019867549668874173
AUX,8.0,0.017660044150110375
SCONJ,4.0,0.008830022075055188
CCONJ,2.0,0.004415011037527594
INTJ,1.0,0.002207505518763797
PUNCT,0.0,0.0
PART,0.0,0.0
